lat,lon,year,week,label
1.3126291552857723,103.78014857167841,2025,25,High
34.08647674851707,-118.26868998036038,2025,50,Medium
1.3306000189755693,103.83775959332847,2025,48,High
1.3827714899598011,103.8222654128206,2025,34,High
40.7234488475013,-73.9918173254337,2025,49,Low
1.3825149735074007,103.78195894538152,2025,36,High
35.69385288110236,139.66426769983624,2025,47,High
1.361297007900896,103.87166981314553,2025,27,High
40.765491739680236,-74.03832340352064,2025,25,Low
40.76623891503466,-73.97462887592305,2025,6,Low
-23.552758785508175,-46.69351205926333,2025,32,Low
40.77481896455193,-73.9945731699958,2025,45,Low
-33.8221842135295,151.20682066245075,2025,16,Low
35.68057644625559,139.69318716136058,2025,3,High
-33.81798809840914,151.20282547147636,2025,41,Low
25.14891868112896,55.27046292320775,2025,52,Medium
-23.651677395645965,-46.72621060831308,2025,8,Low
-23.459892597246895,-46.58969734504477,2025,11,Low
-33.905925386432536,151.2309558133203,2025,48,Low
48.84809083257922,2.3686784687125098,2025,28,Medium
55.84363673647252,37.57547965708322,2025,11,Medium
25.18833602465843,55.25612596131631,2025,4,Medium
40.76138849023067,-74.03963402336589,2025,49,Low
1.3609150386682642,103.78994659376836,2025,17,High
51.54490947289518,-0.1243449155230619,2025,25,High
25.17382190570316,55.252174027138274,2025,28,Medium
48.9221729950273,2.3375975929978776,2025,4,Medium
-23.511297660431207,-46.62365639291664,2025,23,Low
-33.79981253890717,151.1653288355162,2025,6,Low
34.054068298352156,-118.27606741186413,2025,20,High
40.675612676608026,-74.02116348394871,2025,12,Medium
34.0447708142282,-118.23774785034202,2025,33,Low
48.888758658949506,2.375604149981594,2025,8,Medium
35.71079517025671,139.62661438140472,2025,18,High
1.2907289754305598,103.81417107425662,2025,7,High
1.3830298193494257,103.75792192497225,2025,42,High
48.84576928345647,2.252922103476365,2025,44,Medium
-33.83812853913621,151.268511068653,2025,33,Low
55.74262239093948,37.59946682033985,2025,37,Medium
40.73495612404719,-73.96472589620767,2025,35,Low
-33.86140818372049,151.21532951778508,2025,22,Low
55.72146019014369,37.588987977713074,2025,39,Medium
51.47749101168368,-0.0823816744236609,2025,43,Medium
35.66951750536509,139.6101348894738,2025,32,High
48.86876207446567,2.337263177190675,2025,36,Medium
55.788109769090816,37.645793339761205,2025,14,High
25.17153588786038,55.267465760059665,2025,21,Medium
-33.90449134393304,151.16208848733976,2025,48,Low
51.50492944563483,-0.14548092386524408,2025,28,Medium
-33.775948089633076,151.14241408122956,2025,27,Low
25.180185484313032,55.25251013888243,2025,32,Medium
25.218117025627926,55.28101235549128,2025,5,Low
40.70618792412857,-74.04238687796763,2025,52,Low
35.658264556495524,139.63778378197009,2025,36,High
34.12508971311317,-118.23289559322025,2025,41,Medium
34.099051996228724,-118.1809234743546,2025,1,Medium
35.67211093499491,139.69194974429948,2025,38,High
-33.858466282859915,151.20119276140156,2025,51,Low
40.71025475748446,-74.00447482098356,2025,5,Low
48.90304758807529,2.3232089457068468,2025,49,Medium
34.07947156765656,-118.31329329907805,2025,17,Medium
40.69779532318668,-73.93336929898246,2025,36,Low
1.2836836324916598,103.73911301129925,2025,7,High
-23.59328265470149,-46.62584436502492,2025,50,Low
33.99786753308999,-118.23439190457023,2025,48,Medium
25.183555847371316,55.31854212542486,2025,21,High
35.68491871872494,139.62930635866516,2025,17,High
55.71922465857611,37.61476976422075,2025,48,Medium
-23.587645020229647,-46.64419483100584,2025,51,Low
-33.90136737372249,151.2524465001068,2025,17,Low
34.10336919488512,-118.28293888583697,2025,23,Medium
51.5126379347005,-0.140622615954402,2025,9,High
48.83666891561241,2.3722937932684487,2025,46,Medium
35.67852174353373,139.63905454246012,2025,31,High
55.73075797036636,37.55671886049461,2025,17,Medium
25.196992855272676,55.21710791080785,2025,2,Medium
55.736608339418005,37.63686699290322,2025,23,Medium
-33.82250929490632,151.21442083131538,2025,13,Low
55.778485374684024,37.584809776575554,2025,16,High
-33.88743248102557,151.2068261870571,2025,38,Low
55.738458021227565,37.525293331042626,2025,35,Medium
51.485679573883765,-0.12781667355439305,2025,16,Medium
51.51917885069489,-0.13595733226128354,2025,41,High
51.5019365874179,-0.13401039679730747,2025,37,High
34.06616513710753,-118.28425168218396,2025,37,Medium
48.857075298107674,2.34712796743315,2025,49,Low
-23.5471424189561,-46.6464305882351,2025,43,Low
-23.576822273002744,-46.63781577501759,2025,11,Medium
40.70227043624272,-74.00638481936018,2025,31,Low
1.3387309146825697,103.85860961521743,2025,19,High
1.3652290067066464,103.81294035055453,2025,32,High
48.91390741219234,2.3955675958689824,2025,17,Medium
55.729210984748406,37.55818737700904,2025,7,Medium
35.681165590644724,139.63808891215234,2025,11,High
-33.955867917659724,151.15350155587757,2025,41,Low
34.055454934207,-118.30502021763373,2025,49,Medium
48.83809206926962,2.297665181007893,2025,36,Medium
40.746828439303364,-73.97838474008752,2025,26,Low
1.3423486648466174,103.78382665374626,2025,31,High
25.242323842856724,55.22748404796171,2025,32,Medium
48.804627957752956,2.3375290258983124,2025,43,Medium
1.3571606386709132,103.8076266495649,2025,40,High
25.219585861830662,55.27716514117196,2025,52,Medium
48.87790379992774,2.310629452489805,2025,34,Medium
51.518909580479246,-0.08795459521129365,2025,2,High
35.67277986926094,139.6452479858745,2025,44,High
55.81700965926523,37.59070704747406,2025,33,High
51.51593039784412,-0.10714247083800844,2025,36,High
48.858693489290545,2.3354716700686664,2025,12,Medium
35.71593997442185,139.6734351964438,2025,18,Medium
1.3749486789007757,103.83495087574167,2025,30,High
55.715813139903325,37.66076247735371,2025,30,Medium
40.72068670497221,-74.02970467010603,2025,28,Low
55.72291470507824,37.60841419617253,2025,22,Medium
55.887142382785605,37.662309351237184,2025,4,Medium
1.3409337286682517,103.79960518686947,2025,19,High
55.725417406523526,37.686918977645824,2025,51,Medium
35.6856989861208,139.67200147273093,2025,6,High
35.67118897247494,139.6755526949033,2025,13,High
40.70512080993699,-74.01026523038207,2025,4,Low
1.3435845132353839,103.83297776483376,2025,7,High
35.62372453403599,139.67932959609468,2025,24,High
48.77012183403803,2.326976322061639,2025,32,Medium
51.51997032508491,-0.1165847644697697,2025,21,Medium
55.72840247655506,37.57721901135463,2025,25,Medium
25.163435257433477,55.27519850264528,2025,45,Medium
25.16000246703951,55.25862330663505,2025,19,Medium
51.48905508517406,-0.13491806923048957,2025,50,High
35.68955512368977,139.6754421541749,2025,46,High
40.68996807340746,-74.04709790195996,2025,25,Low
25.21462671893504,55.239777535573914,2025,25,High
-33.846546221131184,151.22780083741392,2025,25,Low
25.22144032426475,55.24882622380493,2025,47,Medium
-23.528817230326798,-46.539260504626704,2025,51,Low
51.504735751968866,-0.12178538514728639,2025,51,High
-33.93248846202941,151.152937418883,2025,48,Low
-23.565481883575703,-46.552910147636666,2025,42,Low
-23.56477886979582,-46.682629331884364,2025,16,Low
48.870850579883566,2.3657994532317126,2025,37,Medium
40.7559372465306,-73.96683679747328,2025,47,Medium
-33.90281735703766,151.23075922887804,2025,19,Low
1.3351368547571596,103.7786380063767,2025,43,High
35.67368974809052,139.67198036480926,2025,37,Medium
-23.539923712817192,-46.6006291407465,2025,1,Low
-33.851206475756314,151.19581979151843,2025,28,Low
25.194080201739098,55.257809281001435,2025,9,Medium
34.00800687367832,-118.24780253914577,2025,31,Medium
48.82424355881942,2.3640526544234355,2025,37,Medium
25.193812235162795,55.21418897785879,2025,44,Medium
35.65202882788821,139.61148258101787,2025,6,Medium
-33.88818974203437,151.19101164416233,2025,23,Low
-23.632315598884478,-46.61576019667884,2025,12,Low
25.212075817799366,55.2435875089271,2025,43,Low
51.50899363785439,-0.09502965648763356,2025,42,High
25.213361441166075,55.30761890671608,2025,39,Medium
-33.81296961740802,151.20140824822693,2025,36,Low
-23.647946657916957,-46.66579967298203,2025,14,Low
55.76030231332487,37.583670289223505,2025,41,Medium
1.4001508123391648,103.83945518283198,2025,5,High
55.76763136130233,37.65231940765347,2025,37,Medium
-33.91436459124634,151.21685638274565,2025,5,Medium
51.4840767914972,-0.0879035667718522,2025,40,High
-33.81896936305418,151.1570236133706,2025,51,Low
51.54229935047687,-0.13012703409516732,2025,20,High
-33.901499428427,151.22669935764384,2025,31,Medium
-33.93672837066644,151.16338021913586,2025,6,Low
-23.565287429111414,-46.71346906658141,2025,47,Low
-33.90149777060176,151.1771806279194,2025,17,Low
-23.55950168212957,-46.60045811074219,2025,47,Low
51.50983850445154,-0.09321496977700044,2025,35,High
-33.85077031734435,151.19105374994817,2025,31,Low
48.888929665443435,2.3740882808444423,2025,44,Medium
1.3559313377417483,103.84074148825921,2025,29,Medium
1.382062086740168,103.86160052657553,2025,28,High
40.66169699723407,-74.02926571404566,2025,46,Low
-33.869949127240936,151.2349400206341,2025,11,Medium
51.5074416721598,-0.11759064139936115,2025,22,High
34.06622820883261,-118.16742025865358,2025,19,Medium
-33.93237501808996,151.2091658157725,2025,19,Medium
35.674982751048525,139.6700574745998,2025,8,High
51.49093525498548,-0.07616068420909422,2025,12,High
-23.471141098716732,-46.556391094912605,2025,24,Low
51.52771211533863,-0.158565348944428,2025,3,High
40.67036971055887,-74.06844464078534,2025,47,Low
1.3976556974506342,103.80756630687316,2025,32,High
51.51787500597182,-0.11335561363479224,2025,49,High
40.71784860318394,-74.02852259860478,2025,35,Low
55.696796151914135,37.580954883785715,2025,43,Medium
40.69911355490601,-74.0125020131568,2025,30,Low
51.49646019108229,-0.15741142196304667,2025,29,High
-23.52119775422827,-46.63981927547601,2025,40,Low
-23.528486640591083,-46.63179781018214,2025,25,Low
-23.500275653049055,-46.67253244628663,2025,9,Medium
1.4042579142546143,103.83122272325735,2025,24,High
35.67310169477505,139.61984455261342,2025,44,High
48.87155348351295,2.3522241429365724,2025,40,High
-33.86528153841437,151.1350400844439,2025,47,Low
25.24140041906241,55.23843444484241,2025,24,Medium
-23.604163205789426,-46.65000366310274,2025,20,Low
51.51518095957592,-0.12145392933402188,2025,20,High
1.368794416668827,103.83681105140363,2025,50,High
34.06256646505664,-118.27489401181782,2025,10,Medium
34.03185165940234,-118.25984211984765,2025,42,Medium
1.3680399689283742,103.81016807139008,2025,1,Medium
1.3381907030404179,103.83961820542214,2025,47,High
-33.82098502357895,151.22817183229404,2025,9,Low
34.03645166880545,-118.26134935430181,2025,44,Medium
55.72984438867239,37.58981491877603,2025,9,Medium
25.241299976207973,55.29683478900834,2025,12,Medium
51.52030508605417,-0.13259093378278614,2025,18,Medium
-23.50652685785749,-46.60229038854277,2025,45,Low
51.46525588834006,-0.15833947790355313,2025,23,High
40.755222737250065,-73.99043984895611,2025,25,Low
-23.546235849291193,-46.6456739278503,2025,4,Low
35.65982636041282,139.66867630702174,2025,47,High
51.53403624149605,-0.12271876260019142,2025,18,Medium
1.3150423440188135,103.87310426853183,2025,10,High
40.72527198683947,-74.00834759004348,2025,9,Low
55.72209830001789,37.57412353316317,2025,2,Low
-33.888448163715005,151.22015104412105,2025,20,Low
35.67703667937479,139.6131857447464,2025,17,High
51.46585276896231,-0.054174583395617384,2025,18,High
34.066476831382275,-118.22926774176592,2025,31,Medium
35.64274868257378,139.70042172311358,2025,52,Medium
-33.8567364377025,151.17873514443224,2025,32,Low
25.217669083859924,55.322007733037964,2025,38,Medium
48.88952740035326,2.317944205203107,2025,33,Low
34.04862016564948,-118.22004313933722,2025,49,Medium
40.71131280396969,-73.9945825737783,2025,51,Low
35.712192627540624,139.6485152656524,2025,27,High
-33.92826173474256,151.23225708675605,2025,44,Low
1.318389227744944,103.8900861972781,2025,33,Medium
34.062317602778414,-118.2605941128456,2025,25,Medium
34.08329113295655,-118.26546267672248,2025,22,High
40.72000527731563,-74.03676748681744,2025,30,Low
-33.7364901540504,151.1908773227234,2025,4,Low
1.3494563351628899,103.81497171428161,2025,3,High
40.73323945872185,-74.03589698904148,2025,34,Low
1.2944865405437191,103.82867077843804,2025,52,High
25.200683207739974,55.30286317670792,2025,23,Medium
25.206238334084425,55.238405464309544,2025,5,Medium
55.78840607167095,37.66059905869957,2025,28,Medium
48.86894227169258,2.384633683209842,2025,43,Medium
35.683662121156246,139.64939499012786,2025,35,High
-23.49589753360743,-46.598356292452856,2025,21,Low
-33.85009755129107,151.20865042045648,2025,27,Low
33.94812236463411,-118.26576784727287,2025,30,Medium
51.53438210262574,-0.11259361263803766,2025,12,High
25.20069752871073,55.30179941593519,2025,41,Medium
55.78682088524043,37.506259348179384,2025,10,High
35.62230581058191,139.60818317391247,2025,28,High
-23.522316065821826,-46.61164610724644,2025,50,Low
55.681340124230864,37.64806255894885,2025,44,Low
-23.637592148094345,-46.571358613189624,2025,8,Low
35.62291123332003,139.62054995201635,2025,37,High
25.206158314322476,55.3272188000316,2025,27,Low
35.63918236913246,139.6368828907473,2025,28,High
1.3511183891081973,103.81850918111618,2025,25,High
34.070173683308255,-118.22601680335853,2025,10,Medium
40.67020684434566,-74.01522215577259,2025,38,Low
51.47543017874154,-0.09528943552042639,2025,28,High
35.59199040188151,139.6129446709,2025,3,High
48.874152803950935,2.3769041103725486,2025,49,Medium
51.5367214392126,-0.14761037081576134,2025,39,High
48.85384309860709,2.435266995827095,2025,50,Medium
25.244440470910494,55.20726409987627,2025,40,High
-23.619293507946285,-46.5135038788053,2025,32,Low
34.00065691381584,-118.28420237211557,2025,29,Medium
-33.895406162460915,151.17999605172355,2025,7,Medium
-33.91784765690646,151.18321169711763,2025,33,Low
40.696009606245546,-73.9665410592967,2025,9,Low
48.878360607146675,2.353029208151515,2025,27,Medium
-23.60186540932051,-46.67882424549694,2025,13,Low
35.7362130796767,139.66480957597557,2025,38,High
25.20715647327955,55.29258437649355,2025,7,Low
34.081797434637586,-118.24561841213,2025,13,Low
1.3266600958954102,103.78322958919378,2025,34,Medium
1.374053282261859,103.8364149477513,2025,30,High
1.3699772994913855,103.84760817739355,2025,47,High
40.71909704223271,-73.97438405378486,2025,21,Low
-33.87381939003476,151.1947792090341,2025,43,Low
-23.53268663351151,-46.61804574050965,2025,4,Low
-33.81634911305754,151.18608163074646,2025,29,Low
-23.58103490988337,-46.6939842626748,2025,33,Low
34.0907283289934,-118.24254257870196,2025,48,Medium
48.84682166430533,2.3210015518237297,2025,4,Medium
51.54055017483469,-0.10051280115434365,2025,18,High
-23.51318276032134,-46.61575015753689,2025,1,Low
-33.882517158492895,151.21929210381404,2025,3,Low
55.7705200010857,37.57600466964789,2025,12,Medium
55.78728981439599,37.57503414776213,2025,49,Medium
51.55260043883215,-0.08383085106804904,2025,33,Medium
-23.59175345778208,-46.58035111197393,2025,41,Low
33.99439861174681,-118.24386935636029,2025,45,Medium
55.79844120799011,37.651798400918075,2025,49,Medium
51.469506225382496,-0.14672564137947705,2025,38,High
40.725689526915325,-73.98497907072176,2025,18,Low
25.201467925486615,55.29700694392771,2025,35,Medium
34.03925283688011,-118.25937839460576,2025,22,High
35.66712240475409,139.6288417842152,2025,23,High
35.648526975604504,139.66578925452154,2025,46,High
48.82932022550855,2.396769192894958,2025,7,Medium
35.68445503432464,139.6998466185535,2025,22,High
55.61932063436489,37.621017454395194,2025,14,Low
-23.55347395358404,-46.67761102574108,2025,3,Low
55.84873178101984,37.57910244246701,2025,45,Medium
51.51972363525732,-0.10275134798681942,2025,29,High
1.3423963070081617,103.86164995961329,2025,38,High
35.71180408741812,139.68998205651062,2025,9,High
25.22105992047232,55.2620345206833,2025,47,Medium
33.9940091206417,-118.29001788458979,2025,38,Medium
51.48412162694757,-0.12594205679956372,2025,2,High
34.069454014264586,-118.19462257817885,2025,16,Medium
40.690871090487825,-74.05243383994419,2025,51,Low
51.54336480588097,-0.15424065855893265,2025,29,High
51.48254516513179,-0.15136600070940218,2025,20,Medium
-23.590842920413333,-46.69007408828946,2025,47,Low
-33.86854993076927,151.17781359246396,2025,9,Low
25.26753683482202,55.32306171741948,2025,29,High
25.184391145402696,55.23749452422888,2025,10,Medium
-33.91808283272975,151.20930436485574,2025,12,Low
1.35452963053677,103.80078882049202,2025,49,High
34.1006783173892,-118.27152613259803,2025,30,High
48.89912778450823,2.413795853722836,2025,36,Medium
35.66586320105263,139.6370113996752,2025,45,High
35.64914760842894,139.69764598026472,2025,51,High
48.88952672470349,2.3627215593444526,2025,26,Medium
25.162792591674833,55.28753954408166,2025,9,Medium
55.72429607452055,37.60211462561116,2025,1,Medium
-23.491264670962774,-46.57203843642433,2025,27,Low
40.63307492487375,-74.05165777945034,2025,18,Low
40.65831795600878,-73.98797298334921,2025,23,Low
51.48915902593319,-0.12053478757483403,2025,6,High
-33.84084923699542,151.1728375128696,2025,33,Low
1.245396183685027,103.88345979111581,2025,14,Medium
-23.647251201752063,-46.668573437952496,2025,17,Low
34.02745425558955,-118.24725803908458,2025,34,Low
25.247953162530028,55.26470161862689,2025,15,Medium
55.713944495600785,37.65748816225818,2025,31,Low
51.502603723478536,-0.11123638168127857,2025,16,High
-23.581387093076273,-46.549531988585535,2025,40,Low
-33.931317909456226,151.19587039354406,2025,8,Medium
34.0142601069052,-118.24358682258628,2025,22,Low
40.69889177714387,-73.97173602544908,2025,23,Low
35.682881073620685,139.65515408779143,2025,47,High
35.69172188419128,139.67123428633434,2025,6,High
25.243667850557358,55.2869587772476,2025,5,Low
40.70858202104083,-74.0110637592371,2025,13,Low
34.086941131214054,-118.25882470160914,2025,17,High
40.712366864815216,-74.0261505988054,2025,18,Low
1.3572226132790421,103.82539680352657,2025,42,High
1.3524613239542054,103.80397447102166,2025,3,High
35.639042125141,139.67075485470775,2025,41,High
25.257103887430098,55.29624772683411,2025,12,High
25.20602279732054,55.253468712701164,2025,30,Low
35.6687448298663,139.6625018276745,2025,13,Medium
35.693839349397166,139.69210819199182,2025,3,High
40.668561471546326,-73.99025189048191,2025,5,Medium
48.83543370430939,2.3120475055806766,2025,47,Medium
34.0441082337611,-118.1596845884876,2025,14,Medium
55.77801939559132,37.60596002061092,2025,14,High
40.723762385862464,-74.05479216529751,2025,4,Low
-33.84274903548138,151.21625620798687,2025,4,Low
1.417991087688168,103.80507182489318,2025,37,Medium
-33.87862149733869,151.20179006209153,2025,4,Medium
-33.84380718093298,151.2243162958731,2025,28,Low
35.66723573968931,139.63519330555874,2025,22,High
-23.54517667114917,-46.623984567404555,2025,29,Low
-23.500912020990466,-46.67398520790057,2025,17,Low
25.213938086950105,55.249160941598305,2025,11,Medium
51.518564310829206,-0.13464126579848446,2025,6,High
51.48327680871317,-0.11206313158398905,2025,31,High
51.520099451507775,-0.12034336695199668,2025,36,High
55.7420716501281,37.64872286370694,2025,17,Medium
51.498191888148256,-0.12721571983942967,2025,10,High
35.671178213115944,139.64591737357915,2025,2,High
55.63822204972147,37.553943627651755,2025,16,High
48.85781869674281,2.3753719467551293,2025,48,Medium
25.222993619240686,55.31005265452499,2025,21,Medium
40.691022336110066,-73.97668869813053,2025,37,Low
35.7345181264768,139.63369295537717,2025,37,High
35.70663681989263,139.68146181574008,2025,25,Medium
35.652034188321174,139.64796917373903,2025,26,Medium
48.87504179373377,2.369866052533781,2025,36,High
35.617253782382804,139.6760873959039,2025,44,High
35.66806415562908,139.6209963022058,2025,10,High
40.695129947023844,-73.99467697554032,2025,20,Low
40.687844584019444,-74.04247723231553,2025,40,Low
35.669977174727414,139.66341396446123,2025,13,High
55.6958381489143,37.54833776026487,2025,14,Medium
1.2766808370402298,103.86504320453362,2025,51,High
35.682475240490994,139.6242884571895,2025,25,High
40.6683791829476,-73.97702521515019,2025,24,Low
35.70378222774901,139.63029435757215,2025,52,High
48.912523187329896,2.4323297786391658,2025,44,Medium
55.73627619619195,37.615098879218216,2025,20,High
34.0806311608433,-118.23193865593146,2025,9,Medium
-23.53168393262418,-46.55618364405437,2025,16,Low
-33.870191478090206,151.24494493897134,2025,5,Low
-33.855177254209714,151.23625692066392,2025,1,Medium
-23.517505247913977,-46.65701876215893,2025,36,Low
34.037357919744345,-118.2335116061993,2025,20,Medium
35.68774433601939,139.65940929731318,2025,18,High
55.792559373314475,37.64151557352545,2025,23,Medium
-23.621433647805226,-46.60681319719099,2025,36,Low
35.673782025971846,139.69171311832037,2025,43,High
40.68356934449743,-74.04061613782352,2025,4,Low
34.0345302312165,-118.18647114547696,2025,19,Medium
-23.56375559129089,-46.66219461178463,2025,29,Low
35.69218045284445,139.66280041048944,2025,13,High
48.826098740740335,2.3956281372487034,2025,7,Medium
55.694838054700995,37.63159882189126,2025,38,Medium
1.3267151835886961,103.77982511906579,2025,8,High
1.31537167487191,103.72187550604623,2025,39,High
34.056465310908465,-118.19016929460416,2025,44,Medium
25.216868374612453,55.35267813618605,2025,35,Medium
-23.639793882612818,-46.58375863587044,2025,12,Low
34.068814967760666,-118.25008084031553,2025,4,Medium
35.688936942194786,139.6327293602532,2025,8,High
-23.498928093403528,-46.55139152257583,2025,2,Low
25.22859623268806,55.285836196937424,2025,12,High
51.50965249964968,-0.18791705354228402,2025,28,High
1.3385533147793816,103.82845365227197,2025,37,Medium
55.736313264924775,37.62592103120055,2025,25,Medium
51.47850165431402,-0.11962707822444588,2025,41,Medium
1.2977422638771223,103.85832157247346,2025,6,Medium
55.75826460912113,37.683818265968576,2025,19,Medium
1.3830953272958368,103.8929350184502,2025,41,High
35.67394421976929,139.63095856435874,2025,13,High
-23.493830665932986,-46.62085982649887,2025,46,Low
35.6373862771222,139.6378431230342,2025,26,High
55.76829912873774,37.523431987239675,2025,27,Medium
35.66441590635164,139.68016339890912,2025,29,Medium
-23.59527914974788,-46.596123598064295,2025,34,Low
51.50070221142974,-0.10989186326389355,2025,16,High
-33.850837662093646,151.1864757243604,2025,25,Low
40.699863278830726,-74.02891958758748,2025,4,Low
1.315491839813107,103.80335386515915,2025,42,High
40.725756054791084,-74.03456256306464,2025,52,Low
-33.879695263301066,151.2261489200852,2025,8,Low
35.72479770566811,139.644232734675,2025,32,High
-33.83443206555665,151.22626794820349,2025,13,Medium
48.86254126037118,2.3000426408247723,2025,22,High
48.87864956870159,2.377215460121675,2025,37,Medium
33.98172478757782,-118.20462211456238,2025,46,Medium
25.234031546484164,55.30359794340469,2025,33,Medium
25.152307122781803,55.233399951079576,2025,10,Medium
48.870774145565804,2.3739182000230246,2025,25,Medium
48.90510660539954,2.3615314455778402,2025,38,High
1.3588579723377328,103.79967031168786,2025,6,Medium
55.752965204075224,37.668422900175976,2025,2,Medium
34.05524949806778,-118.26409281442291,2025,6,Medium
51.51705496197857,-0.13090996303987978,2025,32,High
-33.846964881974884,151.1761056299847,2025,8,Low
-33.834362692070265,151.19604847314628,2025,25,Low
34.039150179003336,-118.2456178654213,2025,7,Medium
-23.608129868316006,-46.67992324925956,2025,34,Low
35.696880276207104,139.63853261851466,2025,15,Medium
25.19434152529451,55.265509128932294,2025,29,Medium
-23.557311346114613,-46.58733752894102,2025,12,Low
35.741708623524815,139.6485108017669,2025,2,High
25.25247694366566,55.28427768061446,2025,17,Medium
1.40528681771194,103.8144161980897,2025,45,High
34.08441920669882,-118.29743268929289,2025,2,High
33.99402613249806,-118.20339628442822,2025,46,Medium
34.08321335721177,-118.29049483281463,2025,42,Medium
51.48209933506666,-0.12666628566500096,2025,38,High
40.743777457653515,-73.96819944850816,2025,36,Low
55.807936310119345,37.56720527680334,2025,39,Medium
40.75521841415619,-74.01319324541043,2025,5,Low
-23.49848855795837,-46.54136789308223,2025,4,Low
55.78489569906027,37.60121940537695,2025,9,High
34.05561444235509,-118.2277093070474,2025,41,Medium
1.4168807260964713,103.84576932908557,2025,52,High
-23.52443707121463,-46.664381517500075,2025,6,Low
-33.842880980840626,151.1777764722628,2025,35,Low
-23.49963551952075,-46.59876979772714,2025,26,Low
48.862594892262564,2.3349530184116483,2025,26,High
40.722834954198525,-74.06041993679524,2025,26,Low
25.245798016178302,55.25189464050715,2025,31,Medium
1.4081749918281157,103.80531651231291,2025,17,High
-23.483763672150477,-46.71957020030287,2025,12,Low
-33.85560041656481,151.1401925212288,2025,28,Low
40.68788456944335,-73.97009018352603,2025,22,Medium
51.547254086125704,-0.14543076683081713,2025,15,High
-23.55967290868002,-46.65916610090129,2025,32,Low
51.50543849540592,-0.13405318572402966,2025,38,High
48.87792556644987,2.3591889901187515,2025,1,Medium
40.71477031069676,-74.03297392308397,2025,21,Low
48.85122690411339,2.3632301275533067,2025,48,Medium
25.168701329077024,55.29186470606454,2025,11,Medium
55.70406044556328,37.530631025410194,2025,3,Medium
-33.87056411600938,151.23637298814108,2025,38,Low
25.220812843252688,55.267329190750964,2025,7,High
35.683868571330834,139.64683398326645,2025,14,High
-23.412600211092375,-46.60215681450868,2025,25,Low
25.172758585082885,55.27262821633684,2025,25,Medium
-33.8583531705889,151.22079303655426,2025,46,Low
35.66760578284272,139.6889618063439,2025,21,High
35.6818408346591,139.62354931918483,2025,44,Medium
1.4243483708586386,103.76273419939892,2025,51,High
55.711676029871725,37.591943251219966,2025,46,High
40.712624878217106,-74.0404514033159,2025,21,Low
35.698822720878056,139.65640245487094,2025,15,High
-23.550584501078045,-46.58079021213796,2025,51,Low
48.89019801318935,2.3752605531691056,2025,28,Medium
25.14857629696698,55.25319986957071,2025,36,Medium
40.69176164639202,-74.04062750578069,2025,48,Low
48.88928869713004,2.356413809583618,2025,33,Medium
40.741930722096264,-74.01836341625298,2025,7,Low
35.66766456586991,139.67963887580478,2025,35,High
48.83971379716228,2.315710566876277,2025,7,Medium
51.516061570168034,-0.11520193575105571,2025,1,High
25.226926424313394,55.27821854844279,2025,6,Medium
51.565094344461,-0.125062637982241,2025,16,High
1.3460983346732258,103.79054980519689,2025,18,High
35.71956802976553,139.65724482645265,2025,2,High
25.169328413817357,55.33940956522697,2025,33,Medium
-33.881833467221526,151.2576539614947,2025,10,Low
-23.56739021360961,-46.48783497101434,2025,23,Low
55.74548463741766,37.651582883401716,2025,15,Medium
34.02888532558037,-118.23040650156504,2025,29,Medium
25.256584601770374,55.218056585606504,2025,11,Medium
34.04265573157072,-118.25394832716684,2025,30,Medium
48.94694901056648,2.345829775460462,2025,3,High
48.86572735419445,2.4011643239298155,2025,40,Medium
55.77902052159834,37.66134510317469,2025,41,High
34.12543228380171,-118.31485377402511,2025,6,Medium
-33.888847741576704,151.11513071193994,2025,33,Low
55.72750072353476,37.65522818800883,2025,32,Medium
51.506750309385936,-0.15067873093207185,2025,46,High
-23.55780262637129,-46.62497393995517,2025,10,Low
55.718695177031016,37.613371926425316,2025,27,Medium
55.751189818709115,37.63727046381784,2025,13,Medium
51.540638258050436,-0.11852952936411752,2025,3,High
51.50632954714994,-0.14321358225003006,2025,7,High
55.74106816579858,37.60844477522279,2025,25,Medium
40.72575542818904,-73.95885337674032,2025,2,Low
40.68393632671021,-74.00144772195684,2025,26,Low
35.65330123597164,139.6270353072818,2025,29,High
1.3503125908207312,103.77672535529355,2025,38,High
40.731265047225776,-74.02735374371751,2025,11,Low
40.65177378746672,-73.94553779179247,2025,39,Low
25.173532265007466,55.256483299377905,2025,35,Medium
48.89420433338698,2.351853774561142,2025,32,Medium
51.50991341577498,-0.15504848741761124,2025,4,High
55.65235158418491,37.60668286660687,2025,15,Low
-23.508707159383732,-46.643084964635534,2025,22,Low
40.71762805996018,-74.02476964583578,2025,35,Low
1.3112066323770613,103.75969694900232,2025,2,Medium
-33.820378080205394,151.21712821690036,2025,38,Low
1.3782637011727172,103.78892603690183,2025,39,High
-23.605923886953022,-46.605382268622364,2025,29,Low
25.19543507167326,55.24699744825719,2025,37,Medium
25.23271653805201,55.27503820761861,2025,51,Medium
33.96354077520585,-118.29555215941899,2025,28,Medium
40.77465844878164,-74.03578063445822,2025,26,Low
-33.82972005009795,151.1870973669582,2025,40,Low
34.09146921736009,-118.22678478692468,2025,19,High
55.75553424383844,37.66969551640951,2025,37,Medium
35.66841740850208,139.65528943527923,2025,28,High
25.16918001598501,55.31550206482343,2025,6,Medium
51.4937107612128,-0.13283284594959938,2025,5,High
1.4007619038732995,103.83555402628159,2025,30,High
40.7645264326256,-74.0357772568568,2025,15,Low
-23.49587335337887,-46.69532369355348,2025,46,Low
25.22785867219578,55.271051223936965,2025,13,Medium
40.70613473882348,-74.02428003749235,2025,30,Medium
1.4090098320847713,103.82754089841178,2025,8,High
-23.573274624444384,-46.71417735015779,2025,32,Low
40.718969097045715,-73.96048653551102,2025,18,Low
55.811481749338455,37.637338464439786,2025,44,Medium
55.74655047295636,37.57481386921463,2025,29,Medium
55.83922075788711,37.59827658346219,2025,24,Medium
40.695525193158055,-74.0088867005546,2025,50,Low
25.191514096697645,55.28703518156839,2025,39,Medium
-33.83776440261694,151.22533559994778,2025,43,Low
1.3085183797855635,103.82715448386286,2025,43,High
1.4121948336250245,103.77271699153185,2025,27,High
51.522162823902434,-0.14006959612558564,2025,38,High
-33.912335638315184,151.1872319521125,2025,11,Low
25.223273976245974,55.30854789139282,2025,35,Medium
55.79827445129352,37.54851477419148,2025,21,Medium
33.98540905871985,-118.27262160594236,2025,19,Low
34.07248671011468,-118.2782790071284,2025,27,Medium
1.3431255956475205,103.85743345914514,2025,38,High
25.212892941999275,55.25264903062443,2025,43,Medium
51.46097984671946,-0.12340904470233631,2025,44,High
51.51943523607716,-0.14917501496578806,2025,20,High
51.5224095297891,-0.08854080550289557,2025,7,High
35.67570825888466,139.6846559501314,2025,51,High
48.84167522559467,2.2984226291242678,2025,11,Medium
55.82672852680294,37.54608293751841,2025,24,Medium
1.30004506201271,103.843462965461,2025,39,High
1.2933092558727588,103.85190265140238,2025,46,High
34.06509161783038,-118.23165972683665,2025,11,Medium
55.78167786120404,37.61505040258797,2025,34,Medium
-23.55886770029809,-46.68755903216908,2025,25,Low
-33.91571247453648,151.21041195491048,2025,32,Low
40.71451955191393,-73.95489908421398,2025,42,Low
48.84696179634424,2.335159618594921,2025,16,Medium
-33.875848933104685,151.14539686534937,2025,35,Low
35.695652716532685,139.63860260185766,2025,9,High
48.8741425410035,2.350581957381864,2025,19,Medium
55.733875779647455,37.596068432933365,2025,50,Low
25.230657969469448,55.30905897107189,2025,30,Low
1.414561795314995,103.84929572716091,2025,25,High
35.73055333631636,139.64579426432192,2025,8,High
51.51530932079895,-0.09356498552456699,2025,22,High
40.69810156457692,-74.02519978890913,2025,49,Low
-23.524333510960023,-46.64859689145384,2025,25,Low
-23.43817137710199,-46.61905837953411,2025,23,Low
35.6762846066961,139.63485598951542,2025,29,Medium
25.195394621616142,55.2639082394125,2025,21,Medium
35.71562465245855,139.6980533512723,2025,42,High
1.3819108912094404,103.80140274762374,2025,29,High
25.241191660006184,55.24883070162721,2025,17,Medium
35.64747374420726,139.64206867293052,2025,49,Medium
1.3066745903199892,103.81442620403375,2025,27,High
1.344865488054571,103.80146809279603,2025,26,High
1.3822937006554201,103.83371057192028,2025,8,High
34.100819509757926,-118.27180983548998,2025,16,Medium
25.18692650126003,55.275278945622375,2025,8,Medium
51.50579125410306,-0.16866599179677802,2025,32,Medium
48.829937818858454,2.3882943454795886,2025,25,Medium
1.3511474004932054,103.73393742804863,2025,49,High
48.87558232280957,2.3673435726703818,2025,22,Low
-33.85400409379241,151.14846444808646,2025,52,Low
34.049994685451686,-118.23216329384627,2025,29,Medium
1.348216262865302,103.79906299760961,2025,38,High
34.01021880487969,-118.23052362055905,2025,32,Medium
40.691603868939865,-74.0117692952666,2025,22,Low
48.88934687843341,2.3239530282446212,2025,20,Low
-33.930540873134476,151.17447389396898,2025,35,Low
51.550083053074445,-0.13597549220810387,2025,46,High
48.880308157886844,2.3397984707683728,2025,1,High
51.54822180728525,-0.13885381833293012,2025,40,High
-33.85507758160919,151.18524491563744,2025,36,Low
48.835732624011094,2.3193744800516334,2025,22,High
1.37492183137427,103.82965604927175,2025,35,High
-33.85743686183499,151.23514319169598,2025,6,Low
48.80335863575431,2.3111888794531477,2025,31,Medium
1.4158522866694878,103.86310785550009,2025,16,High
51.52010559673241,-0.1744926879012742,2025,41,Medium
48.855134191355766,2.4400256571313124,2025,34,Medium
40.71865729628341,-74.02760944599515,2025,19,Low
-33.86982678853511,151.2518588266665,2025,9,Low
51.47970774587319,-0.12207224641175118,2025,31,Medium
-23.491560446811963,-46.58189932963505,2025,8,Low
1.311369861357277,103.74132200192244,2025,30,High
1.4029825565194078,103.85494003394861,2025,43,High
51.52483257630483,-0.1326753027234953,2025,29,High
-23.61554360280711,-46.64223981252904,2025,9,Medium
48.8572860602305,2.374656378108927,2025,43,Medium
-33.87942283887039,151.25884855420153,2025,25,Low
34.05797617882342,-118.24808506402663,2025,48,Low
1.333925364493266,103.8516893560665,2025,45,High
40.79298822153285,-73.97533807423038,2025,5,Low
34.05040806718358,-118.20165104040377,2025,8,Medium
40.69594108583333,-73.95158756318021,2025,38,Low
-33.831150324557015,151.21345089878926,2025,43,Low
-33.87783273653444,151.22816514673582,2025,38,Low
40.77576461930865,-73.95672337381126,2025,13,Low
1.3483159492610695,103.79059776142319,2025,37,High
35.67382324755255,139.64695182219475,2025,25,High
25.233713814736085,55.26136847874142,2025,11,Medium
-33.87741287188391,151.27913620584548,2025,30,Low
34.15671739981096,-118.30700758542102,2025,9,Medium
-23.464562621220256,-46.702474886531675,2025,40,Low
-23.502256416809153,-46.697800695699016,2025,5,Low
34.017076099657366,-118.24710268751316,2025,18,Medium
1.353641794902048,103.80042341931096,2025,9,High
40.708269788646746,-74.03530696074239,2025,33,Low
1.3106602262061335,103.84785353363738,2025,47,High
40.721470746749546,-74.00103758123794,2025,48,Low
25.202929975991843,55.242243439514525,2025,17,Medium
-23.564462482697508,-46.70385161048124,2025,6,Low
51.53775824324434,-0.10021121918751154,2025,19,High
-23.485972747921267,-46.50897808764658,2025,14,Low
35.72674944711935,139.66606211740057,2025,35,High
51.530413061260404,-0.1278221064132395,2025,25,High
25.196214869184946,55.25028702094012,2025,28,Low
34.041070243887695,-118.18958119184286,2025,15,Medium
35.67565057839948,139.63714057059013,2025,16,High
-33.8448149112435,151.22068573729584,2025,52,Low
1.3346014858396573,103.79810741659566,2025,48,High
51.52443691070101,-0.13389140707182348,2025,17,High
-33.910511001166554,151.24754481204786,2025,3,Low
40.65197981605213,-74.0551511782925,2025,14,Low
-33.91195409761391,151.22590320699302,2025,3,Low
25.190825197233853,55.271427362377814,2025,20,Low
34.068530571153055,-118.27819785977539,2025,40,Low
-23.51794216399771,-46.639907045336756,2025,11,Low
1.3630233571243962,103.82172988222072,2025,6,High
40.698454516642016,-73.98432067086549,2025,22,Medium
51.50608080667673,-0.1391852322105222,2025,14,High
-23.650011452480108,-46.605128317972685,2025,19,Low
1.4035293881621325,103.74701306914335,2025,1,High
1.3650437136614755,103.76615998289161,2025,51,High
51.49346481928703,-0.08130029775186592,2025,36,High
55.72969763320138,37.614942948704275,2025,21,Medium
55.66023260867627,37.58190360157564,2025,15,High
48.847794195326095,2.3811719974326966,2025,38,Low
25.205693527480292,55.270710119061846,2025,45,Medium
34.027706466675106,-118.28012818308346,2025,38,Low
51.48996714855818,-0.11576721913539051,2025,23,High
25.251762596526376,55.307126659009306,2025,19,Medium
55.73385177944749,37.64747004589918,2025,31,Medium
40.76149372059484,-74.01770064210862,2025,11,Low
25.1683140193151,55.28151773696512,2025,27,Medium
40.73948694189752,-73.996540562044,2025,34,Low
1.3697309204348265,103.83873003247594,2025,47,High
55.76354933616835,37.58654091365936,2025,8,Medium
-23.533658412728148,-46.679183777996506,2025,24,Low
40.68450701933371,-74.01454490144258,2025,40,Low
25.237184540627464,55.25633625799272,2025,38,Medium
55.803778001303414,37.64523735124138,2025,47,Low
25.20347128255777,55.29479884911023,2025,37,Medium
-33.82463222586624,151.2014879912364,2025,46,Low
55.70143540232901,37.62974030837778,2025,6,Medium
-33.81134473307208,151.20863571070126,2025,37,Low
-23.588968880701536,-46.615352943809356,2025,12,Low
40.69250550077825,-73.9838714152373,2025,29,Low
51.48647561890166,-0.12717350920386905,2025,3,High
25.18823138362981,55.26189696340217,2025,2,Medium
-23.518719342580415,-46.614062779011604,2025,29,Low
35.680848467960764,139.69816965770846,2025,49,High
33.97576831763398,-118.29319103145767,2025,49,Medium
48.83135789122139,2.3219684824567373,2025,17,Medium
51.513958300772565,-0.12131576396216096,2025,16,High
55.752678782706674,37.610802913382635,2025,38,Medium
33.99123235253701,-118.17684659694096,2025,40,Low
40.65589813989822,-74.03853897463812,2025,41,Low
48.83105684870548,2.2978610331666585,2025,31,Medium
35.71265096725047,139.62378200889722,2025,23,High
25.18296555011438,55.22566125193227,2025,51,Medium
1.3382523638937722,103.80840372086394,2025,40,Medium
1.3546456475242226,103.78981906975052,2025,37,High
51.53865358228778,-0.10470307776772483,2025,5,High
33.98465247045525,-118.25708456382358,2025,2,Medium
-33.927604757084374,151.2854314387194,2025,9,Low
48.84476682726393,2.375500732098006,2025,19,Medium
-23.500688568583307,-46.568738250626446,2025,11,Low
55.80264729417416,37.67539644985906,2025,48,Medium
48.880342590320296,2.3379683039387293,2025,16,Medium
-33.86369305613407,151.1274763462807,2025,27,Low
25.173783412563022,55.300822440029805,2025,10,Medium
51.52433175489848,-0.1552291582941433,2025,4,High
40.70744240780479,-73.98343508856982,2025,15,Medium
51.49502382450675,-0.14847196636415289,2025,15,High
1.3411079518388491,103.84621870491772,2025,26,Medium
51.4964494409339,-0.11724104382395395,2025,46,High
48.871732177813406,2.339188858084156,2025,19,Medium
34.07099828116276,-118.18017902916048,2025,18,Low
51.521410712438104,-0.1654729575952195,2025,18,High
-33.85564811625588,151.17707356301554,2025,39,Low
-23.59718554595703,-46.72497917900383,2025,50,Low
-23.453204658429964,-46.71468116535617,2025,51,Low
34.03788380871591,-118.28971901288133,2025,9,Medium
-33.88103327667738,151.19320623355668,2025,33,Low
48.87398762361805,2.308520367147564,2025,19,Medium
48.85632765527535,2.410601370604477,2025,49,Medium
51.466148555546866,-0.12300444301396939,2025,50,High
35.68070915347881,139.639709374186,2025,40,High
55.777523940689385,37.59361853452481,2025,14,Medium
-33.88759860535459,151.19939077837847,2025,22,Low
40.729465154262094,-74.02796490697291,2025,16,Low
-33.85117166331709,151.24203738188606,2025,19,Low
34.04789726204458,-118.23911390166452,2025,13,Medium
1.375763522008874,103.79648619811363,2025,24,High
25.25681269916465,55.255217086054856,2025,9,Medium
-33.864531036854984,151.13898445028207,2025,44,Low
-23.562136099613443,-46.62637284222937,2025,29,Low
40.71066403806549,-73.9774535902564,2025,5,Medium
40.713637033074,-73.9351809839304,2025,45,Low
55.778333933813016,37.65560977024169,2025,34,Medium
33.98424417034264,-118.2173094629263,2025,4,Medium
1.3350189304787508,103.86827744539411,2025,5,Medium
-23.589760840710397,-46.5771213402429,2025,6,Low
55.68712792874723,37.62682610397442,2025,17,Medium
-33.869072068667904,151.1809690359726,2025,20,Low
1.3663078018194978,103.83662912613286,2025,10,High
40.7103203617735,-73.9744295017738,2025,51,Low
51.49894905575396,-0.11594691238419706,2025,45,High
25.19372578432876,55.27572355264987,2025,30,High
40.6512347473657,-73.99208743512966,2025,45,Low
-33.84283101863139,151.19318836012985,2025,34,Low
25.21669366693848,55.253754156582026,2025,12,Medium
35.65559079991024,139.69708672931014,2025,18,High
33.99727686888152,-118.24714847434937,2025,17,Medium
51.54930102285226,-0.13792346694101823,2025,11,High
-23.41972424799258,-46.5290508337335,2025,1,Low
1.4003660860471663,103.82415904653932,2025,3,High
-23.572460347595978,-46.673180831117364,2025,2,Low
51.515762847161184,-0.13882757017301092,2025,47,High
34.11675272547661,-118.2276815300066,2025,16,Medium
25.20677710335527,55.31254371841868,2025,31,Low
1.3505303349260387,103.8233270686138,2025,7,High
35.67678980767364,139.6334581648524,2025,5,High
1.3240932407932404,103.79266689636167,2025,48,Medium
-23.526544070248473,-46.55082762790717,2025,48,Low
48.8457845284632,2.289946866029667,2025,42,Medium
1.3532562519047593,103.87107498625436,2025,16,Medium
1.336882995811287,103.89450131157375,2025,29,High
1.3058710342922988,103.78097555217711,2025,35,High
51.50267739315955,-0.15169050021673047,2025,41,High
51.51430121302604,-0.07917879110380288,2025,50,High
1.2804407873672716,103.82601891824906,2025,19,High
34.101312384799506,-118.26918710133889,2025,13,Medium
25.18945838613465,55.276692381247244,2025,21,High
51.543163913546195,-0.14896686307444423,2025,2,High
33.99025163711917,-118.23616245284167,2025,46,Medium
-23.49171192427929,-46.65705104968401,2025,48,Medium
55.795667563129406,37.5881684618882,2025,40,Medium
55.74716927305684,37.63909226271567,2025,17,Low
35.72351370981481,139.68537206490885,2025,28,High
-23.514594034255133,-46.57852468734253,2025,35,Low
40.72245111142548,-74.01863169976902,2025,21,Low
1.275520847506313,103.88938229639557,2025,34,Medium
55.66252027874138,37.565348764985714,2025,13,Medium
35.634665562316364,139.68125688498128,2025,15,High
55.68676491768305,37.71489975894837,2025,1,Medium
35.66870083766386,139.60960824952363,2025,32,High
35.712716285946826,139.67494015994944,2025,19,High
-23.515173347442744,-46.64717855056371,2025,12,Low
34.05005172492727,-118.2240102538826,2025,9,Medium
35.64887153999365,139.65295665396877,2025,21,High
34.01440176088997,-118.19039561475583,2025,12,Medium
51.51835144646819,-0.11081805599254947,2025,29,High
34.085008266589064,-118.25695110979153,2025,6,Medium
1.3323238447350918,103.84468999354236,2025,37,High
-23.57485807581896,-46.7164483483785,2025,13,Low
35.69867485492206,139.61543045864576,2025,18,High
51.49533952507812,-0.1028808978674865,2025,29,High
48.866397303825,2.348453095963849,2025,27,High
51.486188578482896,-0.10810835780512806,2025,28,Medium
55.719203114967826,37.67965287666358,2025,46,Medium
51.463455566130314,-0.12391679585948202,2025,46,High
48.86275494857031,2.3810547855844897,2025,16,Medium
25.235583142269643,55.307264775477655,2025,40,Medium
40.70828988201662,-73.96626959260252,2025,32,Low
51.48955486123381,-0.12380740716668952,2025,17,High
34.10898626323766,-118.24794560586558,2025,2,Medium
-33.826450005615605,151.16983946288758,2025,7,Low
-33.8797104595166,151.25680518409956,2025,44,Low
25.241214094081542,55.271186218112554,2025,34,Medium
48.9061444914875,2.3181775997622296,2025,7,Medium
55.78330010317542,37.6521477049232,2025,11,Medium
1.351768730442122,103.76718618029624,2025,3,High
34.06793314769583,-118.26214310279755,2025,1,Medium
25.223340535244965,55.26838009892501,2025,4,Medium
1.3079203312355208,103.80085295321663,2025,32,High
25.195697362944472,55.27870765534245,2025,24,Medium
-23.538204490429255,-46.682880645004694,2025,43,Low
1.4345461382930726,103.85603538708266,2025,32,Medium
1.3567726023020885,103.84968322528327,2025,12,High
-33.89045196728587,151.2039117124445,2025,5,Medium
-33.91017843449979,151.23062333833164,2025,52,Low
-23.625962216178376,-46.64827861131819,2025,29,Low
-33.87417887638078,151.2688859963864,2025,45,Low
25.185971622703192,55.23933740668696,2025,46,Medium
34.06143131737703,-118.21438533473157,2025,42,Medium
48.83116823748441,2.3538930287048956,2025,51,Medium
40.70525815594554,-74.02967624833592,2025,18,Low
-33.825504311106194,151.11988767701442,2025,43,Low
40.72985884010514,-74.01436606937013,2025,48,Low
51.53919626144395,-0.13990844813375114,2025,9,High
1.3991598957712772,103.7762548496303,2025,2,High
1.294339603179316,103.78380002055461,2025,2,High
55.772188054836754,37.521193945168676,2025,20,Medium
48.86968432641315,2.2713313378335096,2025,14,Medium
25.214672312112857,55.28238841240233,2025,12,Medium
-23.566975992304776,-46.48581277644017,2025,35,Low
-23.52765435517245,-46.64630785886961,2025,45,Low
48.88120691092718,2.3364558625114706,2025,22,High
-23.64703948371687,-46.64915140900804,2025,39,Low
51.47311527722783,-0.14548941572606955,2025,27,Medium
25.229989050984848,55.27587954503274,2025,38,Medium
51.52172141070574,-0.09455594514414431,2025,19,High
35.66194394686308,139.58844121342898,2025,19,High
-23.482431661370594,-46.71985132854769,2025,43,Low
51.54058306648326,-0.13922278868808588,2025,3,High
35.68916165968556,139.66888912852804,2025,25,High
1.386363981222357,103.81246134407229,2025,28,High
-33.90812370609355,151.1658228784701,2025,49,Low
34.00557166998935,-118.20144006020685,2025,36,Medium
1.3240297786481148,103.77724742442771,2025,45,High
55.76512468627108,37.641662854311775,2025,34,Medium
35.708000692935705,139.665882438251,2025,25,High
34.07257971496909,-118.21877840978728,2025,30,Low
1.3181939072354492,103.84633073188522,2025,32,High
55.71784869415882,37.616819084199626,2025,47,Medium
40.72589401926857,-74.01298740456456,2025,29,Low
1.401279898705113,103.83690920328362,2025,21,High
34.10862736652418,-118.22392361776951,2025,40,Medium
1.3898531071185478,103.75237168413408,2025,36,High
48.86683536411064,2.4074422098527726,2025,12,Low
-23.64113148826926,-46.740161030255905,2025,38,Low
35.69168286468554,139.62370417071187,2025,41,Medium
40.724988915006904,-74.00870381746314,2025,9,Low
40.7249050873364,-73.96728573012454,2025,37,Low
1.3473200506772152,103.84430788146814,2025,49,High
35.67936892323751,139.6763241192205,2025,41,High
48.86115721087922,2.3835476633622235,2025,3,Low
1.3783792462523605,103.818881598208,2025,12,High
35.65523402703281,139.68072378558105,2025,17,High
1.365920045281149,103.82551868878596,2025,21,High
-33.85387831459147,151.17987428704032,2025,14,Low
34.05139974020929,-118.22994896906668,2025,38,Low
48.832899458018105,2.3558993049215275,2025,21,Medium
34.07233165313154,-118.28709088186726,2025,49,Medium
51.49460329678543,-0.14301676740257277,2025,31,High
34.05798581563754,-118.24690923875487,2025,22,Low
-23.534925807248207,-46.60246818429086,2025,15,Low
33.99978543154837,-118.21237413132921,2025,43,Low
1.366462267482373,103.89080133254834,2025,20,High
48.83688422749246,2.322249015116665,2025,18,Medium
35.67753442769444,139.65469795881253,2025,48,High
34.03588085464766,-118.23436430930265,2025,31,Medium
48.82017192493374,2.3992876915946564,2025,5,Medium
40.70886606350718,-74.0370724660506,2025,40,Medium
34.07135253698291,-118.27340082545427,2025,39,Medium
-23.562794562378286,-46.66655054868031,2025,2,Low
35.631814810436296,139.6532316917564,2025,15,High
40.709268683670544,-74.06718813399071,2025,7,Low
-33.80749705498631,151.17639442222386,2025,11,Low
55.74298082985418,37.63163717070098,2025,37,Medium
25.18860129904942,55.26396257101263,2025,34,High
34.06332611981149,-118.28997684832768,2025,17,Medium
55.714508421245405,37.59851807511528,2025,32,Medium
1.3158498769098714,103.80369856362317,2025,9,Medium
40.73806782499293,-74.02053249706096,2025,15,Low
-23.632177511265105,-46.622493498205195,2025,30,Low
1.2673874288225666,103.83081213632623,2025,15,High
-23.606147430723492,-46.68691565288557,2025,46,Low
35.68335188925199,139.6518980070237,2025,11,High
55.766478095602324,37.58587085810785,2025,41,Medium
55.77127972075864,37.6588194449879,2025,17,Medium
-23.486028214576557,-46.59981494232664,2025,11,Low
40.681675076607995,-73.97349192753049,2025,39,Low
34.062966492205945,-118.22493661845819,2025,29,Medium
48.89461723547068,2.2878942396464974,2025,52,Medium
51.49563158663444,-0.20180878082131767,2025,44,High
55.73976308352445,37.599008391000844,2025,7,High
-23.571012363116452,-46.66781588132803,2025,33,Low
1.3671825874190031,103.80341718882845,2025,25,High
40.74927610475709,-73.95961712987561,2025,27,Low
35.68435674493649,139.62241359888415,2025,49,High
25.119997308143688,55.295357042982474,2025,39,Medium
-33.860267852797875,151.09654979828088,2025,28,Low
-33.888012636196464,151.16538309562029,2025,35,Low
55.740043076776864,37.624818113355566,2025,4,Medium
-33.8606625089916,151.24611789776796,2025,6,Low
25.18197979158655,55.25290391335411,2025,11,Medium
40.698409030066586,-73.97096341258518,2025,49,Low
35.68329243088807,139.63953410356137,2025,15,High
55.752219881031415,37.59720402838911,2025,34,High
48.86371872284906,2.320033610646336,2025,34,Medium
-33.88319465009556,151.18792722948587,2025,31,Low
1.3737614076950002,103.82852126407462,2025,48,High
25.245244415042215,55.29020788614602,2025,35,Medium
48.84259115642917,2.404354283043621,2025,9,Medium
48.87342603654658,2.3547936978434856,2025,22,High
1.346832101492967,103.79309031838228,2025,9,High
48.876580589382804,2.3678753590070207,2025,52,High
1.3828055560237222,103.76705688677986,2025,30,High
35.710468990766294,139.64000632516377,2025,52,High
-23.515172386587867,-46.49786835409446,2025,48,Low
35.67162140982733,139.64714691662635,2025,50,High
1.35571484513128,103.84667080537135,2025,43,Medium
34.05917838997627,-118.21729489082615,2025,35,Medium
51.57461572620204,-0.11658624888401782,2025,5,High
55.70466666216298,37.69136965655545,2025,21,Medium
51.50182808070045,-0.11372275434493856,2025,39,High
40.747952167472135,-73.96829082452743,2025,21,Low
-33.85748280631024,151.1299616058047,2025,49,Low
55.744304870431776,37.63246024592259,2025,39,Medium
55.752437664070484,37.61574490143342,2025,1,Medium
34.175614303545245,-118.24876516136982,2025,17,Medium
51.49005822570614,-0.1285427554672192,2025,12,High
34.069970071007134,-118.31978499453568,2025,17,Medium
-33.849060037310394,151.21792266217926,2025,40,Low
-23.538473146044165,-46.61661546306103,2025,19,Low
1.3845758440583464,103.86339840522425,2025,30,High
51.527102432121204,-0.11017958069202022,2025,35,High
55.722973482236604,37.65784621025502,2025,15,Medium
-23.53879436585631,-46.6538638330647,2025,1,Low
51.499941602061334,-0.13427025191869563,2025,52,High
48.83562956416777,2.350749693604789,2025,31,Medium
51.5106696765238,-0.09626461382061513,2025,51,High
34.094130071799455,-118.25324569264127,2025,29,Medium
34.058415840356986,-118.32131470515999,2025,43,Medium
-23.58232055693803,-46.62325750991002,2025,44,Low
35.64332044078243,139.61581865080697,2025,24,High
34.032031224728165,-118.19749488127006,2025,52,Medium
40.71198219013413,-73.94946395991009,2025,51,Low
48.82554050139897,2.335624631661508,2025,42,Medium
25.18698618974983,55.25152646170809,2025,10,Medium
55.7620695306625,37.629773280410994,2025,8,Medium
55.78102107401286,37.58292418557856,2025,49,Medium
